,0
0,A
1,AA
2,AAP
3,AAPL
4,ABT
5,ACGL
6,ACI
7,ACN
8,ADBE
9,ADCT
10,ADI
11,ADM
12,ADP
13,ADSK
14,ADTN
15,AEE
16,AEG
17,AEM
18,AEP
19,AES
20,AFG
21,AFL
22,AG
23,AGE
24,AGO
25,AGR
26,AIG
27,AIT
28,AIV
29,AIZ
30,AJG
31,AKAM
32,AKZOY
33,AL
34,ALB
35,ALE
36,ALEX
37,ALKS
38,ALL
39,ALTR
40,ALV
41,ALX
42,AM
43,AMAT
44,AMCR
45,AMD
46,AME
47,AMG
48,AMGN
49,AMH
50,AMP
51,AMR
52,AMT
53,AMX
54,AMZN
55,AN
56,ANF
57,ANSS
58,APA
59,APD
60,APH
61,ARE
62,ARI
63,ARW
64,ASH
65,ASML
66,ASO
67,ASX
68,ATI
69,ATO
70,ATR
71,ATVI
72,AU
73,AVB
74,AVID
75,AVT
76,AVY
77,AXP
78,AXS
79,AYI
80,AZ
81,AZN
82,AZO
83,BA
84,BAC
85,BAK
86,BAP
87,BAX
88,BBD
89,BBY
90,BC
91,BCE
92,BCH
93,BCO
94,BCS
95,BDC
96,BDN
97,BDX
98,BE
99,BEBE
100,BEN
101,BG
102,BHE
103,BIDU
104,BIIB
105,BIO
106,BJ
107,BK
108,BKD
109,BKH
110,BLK
111,BMO
112,BMY
113,BN
114,BNL
115,BNS
116,BOH
117,BOKF
118,BOX
119,BP
120,BPOP
121,BR
122,BRC
123,BRO
124,BRP
125,BRY
126,BSX
127,BSY
128,BTM
129,BTU
130,BUD
131,BVN
132,BWA
133,BXP
134,BYD
135,BZH
136,C
137,CAG
138,CAH
139,CAKE
140,CAL
141,CASY
142,CAT
143,CATY
144,CB
145,CBD
146,CBL
147,CBRL
148,CBSH
149,CBT
150,CC
151,CCI
152,CCJ
153,CCK
154,CCL
155,CCU
156,CD
157,CDE
158,CDNS
159,CE
160,CECO
161,CEG
162,CEI
163,CFFN
164,CFR
165,CG
166,CGA
167,CGNX
168,CHD
169,CHE
170,CHH
171,CHK
172,CHRS
173,CHRW
174,CHS
175,CHT
176,CI
177,CIB
178,CIEN
179,CIG
180,CINF
181,CL
182,CLF
183,CLS
184,CLX
185,CM
186,CMA
187,CMC
188,CMCSA
189,CME
190,CMI
191,CMS
192,CNA
193,CNET
194,CNF
195,CNI
196,CNO
197,CNP
198,CNQ
199,CNX
200,COF
201,COLM
202,COMS
203,COO
204,COP
205,COST
206,CP
207,CPB
208,CPRT
209,CPS
210,CPT
211,CR
212,CRI
213,CRK
214,CRL
215,CRM
216,CRS
217,CSCO
218,CSL
219,CSR
220,CSX
221,CTAS
222,CTSH
223,CTV
224,CUK
225,CUZ
226,CVBF
227,CVS
228,CVX
229,CW
230,CX
231,CXW
232,CYH
233,D
234,DASTY
235,DB
236,DBD
237,DCI
238,DD
239,DDS
240,DE
241,DELL
242,DG
243,DGX
244,DHI
245,DHR
246,DIS
247,DISH
248,DKS
249,DLTR
250,DLX
251,DNA
252,DNB
253,DO
254,DOV
255,DOW
256,DOX
257,DPZ
258,DRI
259,DRQ
260,DRS
261,DT
262,DTC
263,DTE
264,DUK
265,DV
266,DVA
267,DVN
268,E
269,EAT
270,EBAY
271,EC
272,ECL
273,ED
274,EFX
275,EGO
276,EIX
277,EL
278,ELP
279,EME
280,EMN
281,EMR
282,ENB
283,ENR
284,ENTG
285,EOG
286,EP
287,EQIX
288,EQR
289,EQT
290,ERF
291,ERIE
292,ERJ
293,ESE
294,ESI
295,ESS
296,ETN
297,ETR
298,EW
299,EWBC
300,EXC
301,EXP
302,EXPD
303,EXPE
304,EYE
305,F
306,FAF
307,FAST
308,FCNCA
309,FCX
310,FDP
311,FDS
312,FDX
313,FE
314,FFIV
315,FHN
316,FITB
317,FL
318,FLEX
319,FLO
320,FLR
321,FLS
322,FMC
323,FMS
324,FMX
325,FNF
326,FORM
327,FOSL
328,FR
329,FRO
330,FRT
331,FTI
332,FUJIY
333,FULT
334,FWRD
335,GCI
336,GD
337,GE
338,GES
339,GGB
340,GGG
341,GHL
342,GIB
343,GIL
344,GILD
345,GIS
346,GLG
347,GLW
348,GM
349,GME
350,GNW
351,GOL
352,GOLD
353,GOOG
354,GPC
355,GPN
356,GPRO
357,GPS
358,GRMN
359,GS
360,GSK
361,GSL
362,GT
363,GVA
364,GWW
365,HAE
366,HAL
367,HAS
368,HBAN
369,HCA
370,HCC
371,HCP
372,HD
373,HDB
374,HE
375,HHS
376,HIG
377,HIW
378,HLF
379,HLT
380,HLTH
381,HMC
382,HNI
383,HOLX
384,HON
385,HOV
386,HP
387,HPQ
388,HR
389,HRB
390,HRL
391,HSIC
392,HSY
393,HTLD
394,HUM
395,HUN
396,HXL
397,IAG
398,IBM
399,IBN
400,IBOC
401,ICE
402,IDA
403,IDCC
404,IDR
405,IDXX
406,IEX
407,IFF
408,IGT
409,INFA
410,INFY
411,ING
412,INTC
413,INTU
414,IP
415,IPG
416,IR
417,IRM
418,ISRG
419,IT
420,ITRI
421,ITT
422,ITW
423,IX
424,JBHT
425,JBL
426,JBLU
427,JCI
428,JEF
429,JHX
430,JKHY
431,JLL
432,JNJ
433,JNPR
434,JOE
435,JPM
436,JWN
437,K
438,KAR
439,KB
440,KBH
441,KEP
442,KEX
443,KEY
444,KFS
445,KIM
446,KLAC
447,KMB
448,KMI
449,KMT
450,KMX
451,KNBWY
452,KNX
453,KO
454,KR
455,KRC
456,KRO
457,KSS
458,L
459,LAMR
460,LANC
461,LAUR
462,LAZ
463,LBTYA
464,LBTYK
465,LEA
466,LECO
467,LEE
468,LEG
469,LEN
470,LH
471,LI
472,LII
473,LIN
474,LLY
475,LMT
476,LNC
477,LNG
478,LNT
479,LOGI
480,LOW
481,LPL
482,LPX
483,LRCX
484,LSTR
485,LU
486,LUV
487,LVS
488,LYG
489,LYV
490,LZ
491,MAC
492,MAN
493,MAR
494,MAS
495,MAT
496,MATW
497,MBI
498,MC
499,MCD
500,MCHP
501,MCK
502,MCO
503,MCY
504,MDC
505,MDT
506,MDU
507,MEOH
508,MET
509,MFC
510,MGA
511,MGM
512,MHK
513,MI
514,MIR
515,MITSY
516,MKC
517,MKL
518,MKSI
519,MKTAY
520,MLM
521,MMC
522,MMM
523,MO
524,MORN
525,MOS
526,MRBK
527,MRK
528,MRO
529,MRVL
530,MS
531,MSA
532,MSFT
533,MSM
534,MT
535,MTA
536,MTB
537,MTD
538,MTG
539,MTH
540,MTW
541,MU
542,MUR
543,MX
544,NATI
545,NBIX
546,NBR
547,NCR
548,NDAQ
549,NDSN
550,NE
551,NEM
552,NFG
553,NFLX
554,NI
555,NIO
556,NJR
557,NKE
558,NKTR
559,NLY
560,NMR
561,NNI
562,NNN
563,NOC
564,NOK
565,NOV
566,NRG
567,NSANY
568,NSC
569,NTAP
570,NTES
571,NTRS
572,NU
573,NUE
574,NUS
575,NVDA
576,NVO
577,NVR
578,NVS
579,NVT
580,NWL
581,NWS
582,NX
583,NXL
584,NXTP
585,NYT
586,O
587,ODP
588,OFC
589,OGE
590,OI
591,OII
592,OIS
593,OKE
594,OLN
595,OMC
596,OMI
597,ONB
598,ORCL
599,ORI
600,ORLY
601,OSG
602,OSK
603,OXY
604,PAAS
605,PAY
606,PAYX
607,PBI
608,PBR
609,PCAR
610,PCG
611,PCH
612,PD
613,PDCO
614,PDS
615,PEG
616,PENN
617,PEP
618,PFE
619,PFG
620,PFS
621,PG
622,PGR
623,PH
624,PHG
625,PHI
626,PHM
627,PII
628,PKG
629,PKX
630,PL
631,PLCE
632,PLD
633,PLXS
634,PNC
635,PNM
636,PNR
637,PNW
638,POOL
639,PPC
640,PPG
641,PPL
642,PRA
643,PRE
644,PRGO
645,PRK
646,PRU
647,PSA
648,PTEN
649,PVH
650,PWR
651,PX
652,PXD
653,QCOM
654,QGEN
655,R
656,RAD
657,RBA
658,RCI
659,RCL
660,RDN
661,RDY
662,REG
663,RES
664,RF
665,RGA
666,RGS
667,RHI
668,RIG
669,RJF
670,RL
671,RLI
672,RMBS
673,RMD
674,RNR
675,ROK
676,ROL
677,ROP
678,ROST
679,RPM
680,RRC
681,RS
682,RSG
683,RY
684,RYAAY
685,RYN
686,SAN
687,SANM
688,SAP
689,SBAC
690,SBS
691,SBUX
692,SCHL
693,SCHW
694,SCI
695,SCM
696,SEB
697,SEE
698,SEIC
699,SFL
700,SHG
701,SHO
702,SHW
703,SID
704,SIG
705,SIGI
706,SII
707,SIRI
708,SJM
709,SKM
710,SKYW
711,SLAB
712,SLB
